Patient,File,Variance_Reduction_Percent,Raw_Variance,Clean_Variance
chb01,chb01_01.edf,87.11541328390835,5.1504488744652064e-09,6.636140514984356e-10
chb01,chb01_02.edf,87.80883454428928,2.8211391684003674e-09,3.439297437555501e-10
chb01,chb01_03.edf,78.00908180980569,1.6576492674211702e-09,3.6453229427894477e-10
chb01,chb01_04.edf,83.17989461862383,1.3608104389616138e-09,2.2888974987411096e-10
chb01,chb01_05.edf,91.15218902411597,6.050473279899954e-09,5.353344389519189e-10
chb01,chb01_06.edf,92.23780991556771,7.027081096453028e-09,5.454553920938923e-10
chb01,chb01_07.edf,89.63444757460546,5.744549244834928e-09,5.95454263575971e-10
chb01,chb01_08.edf,94.43768509504864,3.2440758141082264e-09,1.8044571253606454e-10
chb01,chb01_09.edf,87.07667644861884,5.8010259314270376e-09,7.496853504178389e-10
chb01,chb01_10.edf,84.69325446009483,5.293855293562035e-09,8.103169590363399e-10
chb01,chb01_11.edf,96.94114896228082,4.824690023709231e-09,1.4758008085696332e-10
chb01,chb01_12.edf,97.02944798313412,5.119659205519662e-09,1.520821397862242e-10
chb01,chb01_13.edf,94.37868880354966,3.5441118748439646e-09,1.9922555763532978e-10
chb01,chb01_14.edf,88.44243465214363,2.3135628868838384e-09,2.67391542515352e-10
chb01,chb01_15.edf,91.13200200530936,1.8673168570033345e-09,1.6559362143357616e-10
chb01,chb01_16.edf,8.254447804513699,2.0242614207747803e-09,1.8571698183700186e-09
chb01,chb01_17.edf,9.272968380959268,1.8941309253538722e-09,1.7184887635518364e-09
chb01,chb01_18.edf,71.72534644925214,1.2185741175956397e-09,3.4454761000924997e-10
chb01,chb01_19.edf,79.1834549058271,8.152381988835085e-10,1.6970442729550854e-10
chb01,chb01_20.edf,90.64775236391161,8.807714102294097e-10,8.237192339252235e-11
chb01,chb01_21.edf,87.14387753941179,3.956040890512393e-09,5.085934614752171e-10
chb01,chb01_22.edf,99.07411152439212,7.748334309207447e-09,7.174093442052218e-11
chb01,chb01_23.edf,96.60866119904436,7.468966365661135e-09,2.5329795438899186e-10
chb01,chb01_24.edf,98.77718262316655,5.069406678097816e-09,6.19895857621349e-11
chb01,chb01_25.edf,97.67921217969547,5.1776441291174425e-09,1.2016213432727e-10
chb01,chb01_26.edf,23.685139712378167,3.13304317044731e-09,2.390977518277742e-09
chb01,chb01_27.edf,69.82462982394615,2.025665363876341e-08,6.112520220777939e-09
chb01,chb01_29.edf,43.049483722167594,1.150969942966417e-08,6.554833247220477e-09
chb01,chb01_30.edf,98.57199673138172,4.6024086512816055e-09,6.572254597547194e-11
chb01,chb01_31.edf,95.77746594295226,3.895776213815397e-09,1.6450047741472038e-10
chb01,chb01_32.edf,79.70199013931337,7.405512275684363e-09,1.5031716119527712e-09
chb01,chb01_33.edf,97.58176313028434,4.4442554704324384e-09,1.0747262437035172e-10
chb01,chb01_34.edf,91.87927958309359,2.9743450908279098e-09,2.415382490601157e-10
chb01,chb01_36.edf,8.382148644102305,1.5481487750492784e-09,1.4183806434927989e-09
chb01,chb01_37.edf,85.90609256007262,9.967550100549358e-10,1.404817285199815e-10
chb01,chb01_38.edf,74.1190739601449,2.143487752764854e-09,5.547544799664239e-10
chb01,chb01_39.edf,86.3569190553221,3.9739250064957804e-10,5.4216580531701556e-11
chb01,chb01_40.edf,90.9485820089918,4.836656980332342e-10,4.377860400811551e-11
chb01,chb01_41.edf,76.45743613480066,7.038413941864273e-10,1.6570230973604908e-10
chb01,chb01_42.edf,86.85565678181595,3.4498133390660023e-09,4.534553056735307e-10
chb01,chb01_43.edf,85.54875070985463,1.0282300234481429e-09,1.485920839646113e-10
chb01,chb01_46.edf,95.43977358749463,5.117652303922333e-09,2.333765320636563e-10
chb02,chb02_01.edf,23.770439989323332,4.19284620314329e-09,3.1961882125804925e-09
chb02,chb02_02.edf,15.42946759418744,9.000728966661631e-10,7.611964407509932e-10
chb02,chb02_03.edf,20.125191230612117,5.646437456826235e-09,4.510081120923044e-09
chb02,chb02_04.edf,17.99710088126115,1.9337180154809676e-09,1.5857048334757367e-09
chb02,chb02_05.edf,92.06844358004076,1.87553542127045e-09,1.4875915011438597e-10
chb02,chb02_06.edf,67.63410928998049,2.721636402420003e-09,8.80881863531365e-10
chb02,chb02_07.edf,70.04784055540445,2.141228426815346e-09,6.413441524727372e-10
chb02,chb02_08.edf,23.776143875148282,2.965031256441661e-09,2.260061158966975e-09
chb02,chb02_09.edf,18.24071915809855,1.9740652348399037e-09,1.6139815393550982e-09
chb02,chb02_10.edf,15.43067800171044,1.158582046984342e-09,9.798049819285626e-10
chb02,chb02_11.edf,13.790795918159017,7.963845147694525e-10,6.865567516137764e-10
chb02,chb02_12.edf,20.527414670677402,3.7087076475768057e-10,2.94740584983559e-10
chb02,chb02_13.edf,18.880687319022105,9.17002164857304e-10,7.438658534019328e-10
chb02,chb02_14.edf,76.88231474434654,8.928573999186937e-10,2.064079634950147e-10
chb02,chb02_15.edf,73.32725687966031,3.5061594213663697e-09,9.351888958506404e-10
chb02,chb02_16+.edf,42.31137319020547,1.9585730464994626e-08,1.1298738955922985e-08
chb02,chb02_16.edf,81.27027449862851,6.508266686177089e-09,1.2189804852181758e-09
chb02,chb02_17.edf,25.573009667334368,7.083867379184917e-09,5.272309289484812e-09
chb02,chb02_18.edf,28.62189216038814,4.900020732321522e-09,3.4975420824797945e-09
chb02,chb02_19.edf,77.47300262099444,4.984982730780404e-09,1.1229669291067817e-09
chb02,chb02_20.edf,25.523904817581123,4.6787233228390676e-09,3.484530435239655e-09
chb02,chb02_21.edf,71.6400427579928,2.1054949640964243e-09,5.971174715503606e-10
chb02,chb02_22.edf,79.93824704270301,2.90504634152604e-09,5.828032203319483e-10
chb02,chb02_23.edf,63.30013667348251,6.676265121673449e-09,2.4501801749701127e-09
chb02,chb02_24.edf,29.470553148976954,4.408805594442476e-09,3.109506198497237e-09
chb02,chb02_25.edf,24.635566840931787,2.6587929114802174e-09,2.003784206610552e-09
chb02,chb02_26.edf,23.42572472676857,8.899445220522259e-09,6.814685680953152e-09
chb02,chb02_27.edf,23.089904528193305,7.542989078489964e-09,5.801320101694583e-09
chb02,chb02_28.edf,19.651253297020887,1.3746307941734151e-09,1.1044986149115475e-09
chb02,chb02_29.edf,10.245056723156498,2.115755518401128e-09,1.8989951654176187e-09
chb02,chb02_30.edf,20.262616969473825,9.677947066645295e-10,7.716941722022532e-10
chb02,chb02_31.edf,26.53578197920674,1.243777739576033e-09,9.137315902962311e-10
chb02,chb02_32.edf,14.648849677859744,8.164895219707165e-10,6.968831992617507e-10
chb02,chb02_33.edf,78.62555093430734,4.788832656799448e-10,1.0235865970688546e-10
chb02,chb02_34.edf,32.173673887576314,6.622148870306097e-10,4.4915602884239943e-10
chb02,chb02_35.edf,31.76597938120591,5.324957952517252e-09,3.6334329072627372e-09
chb03,chb03_01.edf,28.538430482003697,7.74968191955241e-09,5.5380443323645356e-09
chb03,chb03_02.edf,24.25450236654457,7.48472937310838e-09,5.669345510178351e-09
chb03,chb03_03.edf,18.37685763215553,7.304495996269231e-09,5.962159166288334e-09
chb03,chb03_04.edf,94.56040106211127,3.521984846090867e-09,1.9158185028056097e-10
chb03,chb03_05.edf,31.83625506318468,1.8318964378403194e-09,1.2486892153960808e-09
chb03,chb03_06.edf,66.64946710407737,7.91155229846522e-10,2.6385448518777656e-10
chb03,chb03_07.edf,28.666523170093306,4.81728201557746e-10,3.43633475041321e-10
chb03,chb03_08.edf,85.16268229712486,3.666450392483134e-10,5.440028931510353e-11
chb03,chb03_09.edf,24.654371802172115,1.9854925347103154e-10,1.495981823098463e-10
chb03,chb03_10.edf,95.21648087844203,2.8720988819364815e-09,1.373873992074842e-10
chb03,chb03_11.edf,77.81523639345636,2.558746558376947e-10,5.67651875266497e-11
chb03,chb03_12.edf,22.785433098146836,1.1654700410933896e-10,8.999126446011108e-11
chb03,chb03_13.edf,22.734418745614416,2.1162910619669296e-10,1.6351645900633576e-10
chb03,chb03_14.edf,27.800887301319786,1.3185872830229275e-10,9.520083185001889e-11
chb03,chb03_15.edf,22.304702535342223,2.0842852812866296e-10,1.619391649307726e-10
chb03,chb03_16.edf,26.098741070979482,3.4339376123108884e-09,2.5377231263348945e-09
chb03,chb03_17.edf,24.46847539339052,8.448156094124861e-09,6.381021099038698e-09
chb03,chb03_18.edf,26.625645674061417,2.885914826079656e-09,2.117521370032481e-09
chb03,chb03_19.edf,27.36956822334191,8.964570887642183e-09,6.511006542619109e-09
chb03,chb03_20.edf,22.569793585485353,1.1069067774540135e-08,8.570802025988949e-09
chb03,chb03_21.edf,23.61842196773888,1.2616263204542884e-08,9.636500924333371e-09
chb03,chb03_22.edf,21.186135809868134,7.749279252551383e-09,6.107506425819913e-09
chb03,chb03_23.edf,17.476696938997193,1.4469884766367865e-08,1.1941026858327631e-08
chb03,chb03_24.edf,22.885164354897604,1.4235077972414762e-08,1.0977356982379818e-08
chb03,chb03_25.edf,21.65391697329282,8.546515831842144e-09,6.69586038950572e-09
chb03,chb03_26.edf,23.25011416867726,1.0843894664397121e-08,8.322676774593689e-09
chb03,chb03_27.edf,20.87289990178659,1.4521615334445257e-08,1.1490533101564007e-08
chb03,chb03_28.edf,21.01724316433664,1.0092048750853594e-08,7.970978324623296e-09
chb03,chb03_29.edf,22.79121370244327,5.0681105317109316e-09,3.9130266297526595e-09
chb03,chb03_30.edf,28.40773449932048,3.625746849924658e-09,2.5957543111805855e-09
chb03,chb03_31.edf,29.464820410697147,2.1017929164975525e-09,1.482503408246795e-09
chb03,chb03_32.edf,99.31420880553158,3.6999194737912927e-09,2.5373721953683193e-11
chb03,chb03_33.edf,76.21986761371475,1.4512255280296743e-09,3.451033517890237e-10
chb03,chb03_34.edf,32.01579821198577,2.437059972716907e-09,1.6568157695467866e-09
chb03,chb03_35.edf,31.468463570507154,2.580305090614692e-09,1.768322723166666e-09
chb03,chb03_36.edf,39.387399472844976,2.85026431558526e-09,1.7276193235737428e-09
chb03,chb03_37.edf,22.999785301747277,3.803312903326742e-09,2.92855910120794e-09
chb03,chb03_38.edf,25.163701189681277,5.279454135855947e-09,3.950948072662887e-09
chb04,chb04_01.edf,25.805975025106186,3.2241154308293213e-09,2.392101007968912e-09
chb04,chb04_02.edf,45.86475831821162,1.3453687156264535e-09,7.283186057155528e-10
chb04,chb04_03.edf,54.570051759920936,7.232008824469521e-10,3.285497865674453e-10
chb04,chb04_04.edf,37.50278883668534,2.9525876776468672e-09,1.845284955680971e-09
chb04,chb04_05.edf,74.25335969292395,9.12867995259759e-08,2.350328392179462e-08
chb04,chb04_06.edf,74.07213558867076,2.8834185844334183e-09,7.476088609829658e-10
chb04,chb04_07.edf,77.56748947135488,2.3303196017442503e-09,5.227491900123601e-10
chb04,chb04_08.edf,74.86330286926248,2.8041754601288927e-09,7.048770924270651e-10
chb04,chb04_09.edf,35.25881191097097,1.7032067571469804e-09,1.1026762901895786e-09
chb04,chb04_10.edf,42.450058726485636,7.729097980333388e-10,4.4480913486542496e-10
chb04,chb04_11.edf,36.69194614453842,1.9194796964354144e-09,1.2151852399639826e-09
chb04,chb04_12.edf,38.561706661695524,7.62510043418736e-09,4.684731572096358e-09
chb04,chb04_13.edf,95.3136241343754,1.417532158579643e-08,6.643088496714377e-10
chb04,chb04_14.edf,59.20022524290438,2.9796946561050512e-08,1.2157087081400758e-08
chb04,chb04_15.edf,25.91197193682878,1.304736706578321e-08,9.666536973202423e-09
chb04,chb04_16.edf,99.25425077265626,5.0468443839044055e-08,3.763680299820812e-10
chb04,chb04_17.edf,96.19204208895766,3.927242995761763e-08,1.4954776034296595e-09
chb04,chb04_18.edf,21.994243825636072,1.216030422696968e-08,9.485737265350839e-09
chb04,chb04_19.edf,63.95288620867896,4.219439988814268e-08,1.520986334124383e-08
chb04,chb04_21.edf,72.50463667441525,2.939505589703622e-09,8.082277418648837e-10
chb04,chb04_22.edf,75.72434437636622,1.842943957755481e-09,4.4738672852128743e-10
chb04,chb04_23.edf,42.828628073357265,2.8634039972122974e-09,1.6370473490085972e-09
chb04,chb04_24.edf,78.09769141862897,4.213029324463596e-09,9.227506832676683e-10
chb04,chb04_25.edf,35.60269679530387,4.035069624236016e-09,2.59847602043986e-09
chb04,chb04_26.edf,87.89245834466757,1.0389069353007273e-09,1.2578608995167308e-10
chb04,chb04_27.edf,69.6801855260117,4.556656315112049e-09,1.3815697409592453e-09
chb04,chb04_28.edf,27.02120603043635,1.1859232318184212e-09,8.654724719859564e-10
chb04,chb04_29.edf,40.03470211315102,4.84358404125513e-10,2.904469598738517e-10
chb04,chb04_30.edf,28.862472589569755,2.6847539012714947e-09,1.909867542419605e-09
chb04,chb04_31.edf,94.39053468660444,2.0563228730918624e-08,1.1534871829750694e-09
chb04,chb04_32.edf,90.00446701475389,3.0235225468370397e-08,3.022171934854495e-09
chb04,chb04_33.edf,95.04119229225734,1.8997566880987295e-08,9.420528107779662e-10
chb04,chb04_34.edf,99.5625277391927,5.2696316581911806e-08,2.3053176751306275e-10
chb04,chb04_35.edf,88.38356303281017,6.632930100708156e-09,7.705101442265232e-10
chb04,chb04_36.edf,31.86005198581897,1.8334896438473193e-09,1.2493388901629562e-09
chb04,chb04_37.edf,71.52614634692557,1.3941967099471208e-08,3.969815308263218e-09
chb04,chb04_38.edf,69.60553359016248,1.5224793525813214e-09,4.6274947541704153e-10
chb04,chb04_39.edf,65.2745713447257,2.034560782742648e-09,7.065099530594885e-10
chb04,chb04_40.edf,88.76784885476764,1.2306007945117368e-09,1.3822294123398856e-10
chb04,chb04_41.edf,43.91394667510927,5.142904806095246e-10,2.8844523319949477e-10
chb04,chb04_42.edf,81.91938398643852,5.489570201668927e-10,9.925481089586515e-11
chb04,chb04_43.edf,33.60821109017529,3.5592763440013534e-09,2.363067237026705e-09
chb05,chb05_01.edf,13.49877921595074,6.295268987927172e-09,5.445484526196667e-09
chb05,chb05_02.edf,13.392624266496068,6.7669493049913136e-09,5.86067721026956e-09
chb05,chb05_03.edf,12.887712658125693,5.674125867565943e-09,4.9428608298936624e-09
chb05,chb05_04.edf,14.730829689447777,5.642725561062771e-09,4.811505268819678e-09
chb05,chb05_05.edf,15.36839141253541,5.249492862126347e-09,4.442730251901662e-09
chb05,chb05_06.edf,8.639616539175787,6.148555777281765e-09,5.617344135427281e-09
chb05,chb05_07.edf,10.922394035554795,2.608172138209552e-09,2.32329730014875e-09
chb05,chb05_08.edf,13.148887928133568,2.4388068779042886e-09,2.1181308947450406e-09
chb05,chb05_09.edf,16.664475276118505,3.0105236609787997e-09,2.50883568981329e-09
chb05,chb05_10.edf,14.966431279468006,2.271690086921161e-09,1.9316991511796187e-09
chb05,chb05_11.edf,13.436006892631248,2.227228027915937e-09,1.927977516570537e-09
chb05,chb05_12.edf,13.625953196476715,2.176337437905795e-09,1.879790717219351e-09
chb05,chb05_13.edf,10.221587159677759,4.7180609708980515e-09,4.2358002565109684e-09
chb05,chb05_14.edf,19.669459876766847,7.248854948028156e-09,5.82304433250073e-09
chb05,chb05_15.edf,14.212495051687368,2.635080695784569e-09,2.2605699822882182e-09
chb05,chb05_16.edf,11.624015738072357,6.9414992216814984e-09,6.134618259695071e-09
chb05,chb05_17.edf,11.732642628517898,7.289755495060658e-09,6.4344745343324454e-09
chb05,chb05_18.edf,75.65568327738326,8.092800205307658e-09,1.9701369137086747e-09
chb05,chb05_19.edf,14.45965737578917,7.551290140443433e-09,6.459399458683564e-09
chb05,chb05_20.edf,13.830654230199057,8.519084418063385e-09,7.340839308622273e-09
chb05,chb05_21.edf,12.914577843536346,9.7762844963052e-09,8.51371862482429e-09
chb05,chb05_22.edf,10.450043192753334,1.1526757624840396e-08,1.0322206474320586e-08
chb05,chb05_23.edf,12.831387301263108,2.874950811300544e-09,2.5060547379817654e-09
chb05,chb05_24.edf,14.035788402968663,4.650084363269436e-09,3.9974083614814055e-09
chb05,chb05_25.edf,11.951739438771991,2.688557901864576e-09,2.367228466773207e-09
chb05,chb05_26.edf,79.88135348218354,8.04657670664479e-09,1.6188623243948219e-09
chb05,chb05_27.edf,59.58087476465113,1.3652402256678898e-08,5.51818156576064e-09
chb05,chb05_28.edf,9.817764148183272,9.51626647549998e-09,8.581981877222759e-09
chb05,chb05_29.edf,10.584172632799337,1.2271918585020399e-08,1.0973037536625253e-08
chb05,chb05_30.edf,10.790160683352346,8.158871031608302e-09,7.278515737350279e-09
chb05,chb05_31.edf,9.503994341018496,5.736752140168496e-09,5.191531541408625e-09
chb05,chb05_32.edf,10.470735277772448,5.763379938544914e-09,5.159911682127632e-09
chb05,chb05_33.edf,11.198176555873374,5.650360033945113e-09,5.017622741301433e-09
chb05,chb05_34.edf,8.95630955504425,9.064220220643905e-09,8.252400598932122e-09
chb05,chb05_35.edf,8.425833227986967,9.367039736696268e-09,8.577788590082971e-09
chb05,chb05_36.edf,11.397502184254538,8.526566840049458e-09,7.554751198212898e-09
chb05,chb05_37.edf,9.412720746310587,6.421958064050916e-09,5.8174770850366294e-09
chb05,chb05_38.edf,8.518915920070603,6.906057654209581e-09,6.317736409255867e-09
chb05,chb05_39.edf,7.951497712488031,1.3840101081304528e-08,1.2739605760418568e-08
chb06,chb06_01.edf,73.08433531215948,3.3074637054969696e-09,8.902258406435896e-10
chb06,chb06_02.edf,13.290337388335715,3.8022729550041954e-09,3.2969380508586956e-09
chb06,chb06_03.edf,71.66457254931372,1.3253053796444057e-09,3.7553094434918294e-10
chb06,chb06_04.edf,83.39781204932153,3.0360724946293464e-08,5.040544618772165e-09
chb06,chb06_05.edf,79.60422087682473,2.2423859588738642e-08,4.5735208726100924e-09
chb06,chb06_06.edf,85.48398966468416,3.218125382077084e-09,4.67143413065732e-10
chb06,chb06_07.edf,84.24387637034512,3.5260024347505184e-09,5.555613028039329e-10
chb06,chb06_08.edf,88.14284408212569,3.058659267995721e-09,3.626699984027655e-10
chb06,chb06_09.edf,89.09617510241814,2.638900403396205e-09,2.8774107920790336e-10
chb06,chb06_10.edf,53.32623583010858,1.1437739819040314e-08,5.3384237095046425e-09
chb06,chb06_12.edf,79.08044180000512,3.8056941398099864e-09,7.961344004913445e-10
chb06,chb06_13.edf,80.96650769338095,4.2360073664799935e-09,8.062601362067865e-10
chb06,chb06_14.edf,88.7828436020938,3.6019641329399097e-09,4.0403795018835523e-10
chb06,chb06_15.edf,74.48930852444352,1.2582915356870878e-09,3.209988715321748e-10
chb06,chb06_16.edf,83.62847130959132,1.6082967321506206e-09,2.633027609309441e-10
chb06,chb06_17.edf,81.41362136149503,2.7481343405285155e-09,5.107786540254115e-10
chb06,chb06_18.edf,25.004912909844702,4.2954604564944e-09,3.221384310271158e-09
chb06,chb06_24.edf,96.41603096033194,4.93280558792886e-09,1.767902250583868e-10
chb07,chb07_01.edf,95.1684552455806,7.2099671631450505e-09,3.4835279026629566e-10
chb07,chb07_02.edf,76.06939795343501,3.2421650292194883e-09,7.758696108354131e-10
chb07,chb07_03.edf,14.201471726923486,1.5701600262166397e-09,1.3471741940260291e-09
chb07,chb07_04.edf,18.17922376193586,5.812925817293389e-09,4.756181025852285e-09
chb07,chb07_05.edf,39.8791097335109,3.275211635160615e-08,1.9690863931701967e-08
chb07,chb07_06.edf,74.74743628313578,7.264910374219941e-09,1.8345761212229698e-09
chb07,chb07_07.edf,79.41972077635207,2.6755860496492947e-09,5.506430798867963e-10
chb07,chb07_08.edf,84.96614133823395,5.5497015145949625e-09,8.343342818540969e-10
chb07,chb07_09.edf,96.94313655577463,5.464784735568615e-09,1.670510068872055e-10
chb07,chb07_10.edf,12.910843992078592,2.134229722862302e-09,1.8586826529109791e-09
chb07,chb07_11.edf,15.62125718484978,8.309080844920801e-10,7.011097956438634e-10
chb07,chb07_12.edf,90.94132569238926,9.879630023308331e-09,8.949635066084282e-10
chb07,chb07_13.edf,91.74244430499199,9.272175269321062e-09,7.656550370029462e-10
chb07,chb07_14.edf,18.01862001264849,2.9411174797500003e-08,2.4111686969482638e-08
chb07,chb07_15.edf,78.53884328779755,6.1915751722555396e-09,1.3287836506715802e-09
chb07,chb07_16.edf,82.03711915393225,4.2934775227283275e-09,7.712322515603911e-10
chb07,chb07_17.edf,15.406687747042202,1.8579715238657619e-09,1.5717196527548023e-09
chb07,chb07_18.edf,19.520340473400122,1.4926564754596601e-09,1.2012848493516803e-09
chb07,chb07_19.edf,82.18761298805623,8.649287284374923e-09,1.5406445248677017e-09
chb08,chb08_02.edf,93.4095844628247,8.591895819632765e-09,5.662416370349936e-10
chb08,chb08_03.edf,17.58635509813088,1.8928092617188774e-09,1.559933103622686e-09
chb08,chb08_04.edf,24.69058123531067,1.559614042272102e-09,1.1745362702075962e-09
chb08,chb08_05.edf,55.46635665554602,1.6782727787927062e-08,7.473960136546008e-09
chb08,chb08_10.edf,90.07110015192772,8.824350683312592e-09,8.761609415887895e-10
chb08,chb08_11.edf,85.38155058171041,1.2624399747720272e-08,1.8454914914831655e-09
chb08,chb08_12.edf,89.47103755148362,7.296940264991133e-09,7.682921003915885e-10
chb08,chb08_13.edf,86.98432126155535,9.736389927070982e-09,1.2672572336298434e-09
chb08,chb08_14.edf,17.72111512786352,4.9642091782305364e-09,4.084495954568335e-09
chb08,chb08_15.edf,9.171292099913664,3.154705029798813e-09,2.8653778166252955e-09
chb08,chb08_16.edf,71.31432404849123,2.3479768845149484e-09,6.735330405082894e-10
chb08,chb08_17.edf,9.836802344789264,2.2679051218619236e-09,2.044815777657014e-09
chb08,chb08_18.edf,16.036084694262687,1.7306043720779197e-09,1.4530831892488915e-09
chb08,chb08_19.edf,73.18490838109868,1.2962466605074955e-09,3.475897296220337e-10
chb08,chb08_20.edf,77.37226227060742,7.899314760525043e-09,1.7874362264308029e-09
chb08,chb08_21.edf,81.8049590283208,1.1108403193131705e-08,2.0211785122896355e-09
chb08,chb08_22.edf,58.518044990154294,2.8543420612176954e-09,1.1840368896614269e-09
chb08,chb08_23.edf,16.28402312883256,2.5307237624796153e-09,2.1186201196705732e-09
chb08,chb08_24.edf,80.76832680549629,1.0975309731142412e-08,2.110735699577873e-09
chb08,chb08_29.edf,75.61865238103525,1.1765461685579777e-08,2.8685781125373154e-09
chb09,chb09_01.edf,72.1712844387855,1.8065405392609298e-09,5.027370281689545e-10
chb09,chb09_02.edf,76.38234824711485,2.4306924226827453e-09,5.74072471572978e-10
chb09,chb09_03.edf,69.49854702327927,1.8149613375988827e-09,5.535895789333848e-10
chb09,chb09_04.edf,5.487415904385385,1.0118689589862724e-09,9.563435007993209e-10
chb09,chb09_05.edf,52.05697312208575,3.506216399798325e-08,1.6809862709531484e-08
chb09,chb09_06.edf,72.97722515821494,1.54367421314348e-08,4.171436069084599e-09
chb09,chb09_07.edf,76.16949990146773,2.4749460337092763e-09,5.897920170017097e-10
chb09,chb09_08.edf,77.85120208553057,4.452055709007744e-09,9.860768220277242e-10
chb09,chb09_09.edf,81.94141311302357,1.8986776675482405e-09,3.4287435629781633e-10
chb09,chb09_10.edf,74.89900265231293,1.1481523919151904e-09,2.8819770144203765e-10
chb09,chb09_11.edf,51.07000756253019,7.053450936570212e-08,3.451253009844448e-08
chb09,chb09_12.edf,49.29814552129923,3.268025748242696e-08,1.6569496592004837e-08
chb09,chb09_13.edf,70.2759701110976,4.3874159970087355e-09,1.3041168423013615e-09
chb09,chb09_14.edf,83.10426268626605,6.172050791413374e-09,1.042813488587441e-09
chb09,chb09_15.edf,75.40151838670688,3.5608183474933627e-09,8.759072464909225e-10
chb09,chb09_16.edf,73.28979541869967,2.0220632075243237e-09,5.400972194929505e-10
chb09,chb09_17.edf,70.20674250839205,2.118863995072808e-09,6.312786059490128e-10
chb09,chb09_18.edf,80.05522240359507,5.3681469555575935e-09,1.0706649713341442e-09
chb09,chb09_19.edf,72.0356688617301,8.813840214599375e-09,2.4647314636085675e-09
chb10,chb10_01.edf,11.520672804596277,6.525310783176306e-09,5.773551078363525e-09
chb10,chb10_02.edf,12.589035363988387,7.0737713175338526e-09,6.183251744801849e-09
chb10,chb10_03.edf,12.121185351717534,2.875050576446182e-09,2.5265603671195166e-09
chb10,chb10_04.edf,86.2416739107491,2.033264833508503e-09,2.7974320605216424e-10
chb10,chb10_05.edf,71.94488841167868,4.934132903443734e-09,1.3842764919772185e-09
chb10,chb10_06.edf,82.07034304342008,3.641960196439892e-09,6.529909697168568e-10
chb10,chb10_07.edf,19.88016534446806,6.842810645014218e-09,5.48244857457653e-09
chb10,chb10_08.edf,18.56320484936611,8.991059022868324e-09,7.322030318325862e-09
chb10,chb10_12.edf,16.775506707289413,6.9312664496732594e-09,5.768511381508221e-09
chb10,chb10_13.edf,16.42476518818521,7.304112650998875e-09,6.10442929899178e-09
chb10,chb10_14.edf,19.122830268389457,6.582081334006972e-09,5.323401092377474e-09
chb10,chb10_15.edf,91.29788516549245,3.0174181956864135e-09,2.6257919642595765e-10
chb10,chb10_16.edf,16.056535389934,1.476473988864041e-09,1.2394034203189162e-09
chb10,chb10_17.edf,88.20861497030394,2.3991062329062246e-09,2.828878531934097e-10
chb10,chb10_18.edf,81.08760568261852,2.4548961403854575e-09,4.6427963815187675e-10
chb10,chb10_19.edf,15.474268419673665,4.860780117198893e-09,4.108609954573408e-09
chb10,chb10_20.edf,20.442181274244632,9.388579915265983e-09,7.469349389909987e-09
chb10,chb10_21.edf,94.4307455814817,5.862426840398928e-09,3.264934658413198e-10
chb10,chb10_22.edf,77.70741919142294,2.1700406353768946e-09,4.837580622203531e-10
chb10,chb10_27.edf,85.20219740122079,4.37702885533203e-09,6.477040897036392e-10
chb10,chb10_28.edf,22.065660911115824,1.7321707816601552e-09,1.3499558505776009e-09
chb10,chb10_30.edf,12.307393444769577,2.8990706972245843e-09,2.54227066027513e-09
chb10,chb10_31.edf,18.984897640885777,6.4387495170675776e-09,5.216359511899271e-09
chb10,chb10_38.edf,68.55233605263784,7.79822347895513e-09,2.4523591135261042e-09
chb10,chb10_89.edf,12.767877970035023,4.211225079226348e-09,3.6735410000672167e-09
chb11,chb11_01.edf,15.834708171752954,1.8018099176149706e-09,1.5164985753509376e-09
chb11,chb11_02.edf,26.458503143991308,1.7749162151593205e-09,1.3052999525681801e-09
chb11,chb11_03.edf,25.106648274752718,2.4787703286282117e-09,1.8564341806805945e-09
chb11,chb11_04.edf,22.842698314275378,2.733998168788661e-09,2.109479215174454e-09
chb11,chb11_05.edf,24.660212205120136,4.272561172910639e-09,3.218938521077306e-09
chb11,chb11_06.edf,24.83038911603591,3.920349216004962e-09,2.946911250963467e-09
chb11,chb11_07.edf,28.187645364494042,5.3680262125284955e-09,3.854906020667882e-09
chb11,chb11_08.edf,29.138110583588794,7.3545330438072896e-09,5.211561072596143e-09
chb11,chb11_09.edf,34.20463580581215,7.101874514590763e-09,4.672704201489203e-09
chb11,chb11_10.edf,32.21435304910085,4.431937210988345e-09,3.0042173109260858e-09
chb11,chb11_11.edf,31.371288854507185,4.7491663872281065e-09,3.2592916817096143e-09
chb11,chb11_12.edf,65.08310895418359,2.586535612356159e-09,9.031378216276406e-10
chb11,chb11_13.edf,29.767149183060436,2.9354280710083927e-09,2.061634817949891e-09
chb11,chb11_14.edf,27.728310330511174,3.526977556910079e-09,2.549006274642571e-09
chb11,chb11_15.edf,29.12164445229174,3.5607147686886947e-09,2.523776073790931e-09
chb11,chb11_16.edf,14.42911432053674,2.451167498191431e-09,2.0974857376895493e-09
chb11,chb11_17.edf,7.207772295819714,1.9440767216413472e-09,1.803952098289402e-09
chb11,chb11_18.edf,31.22254404874227,1.2979344458266698e-09,8.926862917546388e-10
chb11,chb11_19.edf,15.330202893738631,1.4380446431388838e-09,1.2175894816431532e-09
chb11,chb11_24.edf,14.765738561721719,1.8587193525964752e-09,1.5842657123959531e-09
chb11,chb11_25.edf,32.260827104079816,3.070239176446433e-09,2.0797546240513254e-09
chb11,chb11_26.edf,33.620830865670534,6.410223443666777e-09,4.255053061560008e-09
chb11,chb11_27.edf,81.04995998885931,9.959535899314246e-09,1.88733603784397e-09
chb11,chb11_53.edf,4.139226880400515,3.1548427137870414e-09,3.024256616143611e-09
chb11,chb11_54.edf,19.42964318089002,8.975571087036089e-10,7.231649651377845e-10
chb11,chb11_55.edf,23.564091988602197,2.0717797281194805e-09,1.5835836471841936e-09
chb11,chb11_56.edf,24.27927826263685,2.2346302304410434e-09,1.6920781386512595e-09
chb11,chb11_58.edf,74.55598748685901,8.927723630103033e-10,2.2715711175820612e-10
chb11,chb11_60.edf,6.796429103528434,1.37091910382589e-09,1.277745558867636e-09
chb11,chb11_61.edf,12.645597949006538,8.256652715854255e-10,7.212549609361596e-10
chb11,chb11_62.edf,22.225118370282072,5.096118912326591e-10,3.963500451771675e-10
chb11,chb11_63.edf,21.426699815464012,9.251921711975805e-10,7.269540219589011e-10
chb11,chb11_82.edf,22.108300795520265,1.8670206287743666e-09,1.454254092250516e-09
chb11,chb11_92.edf,26.921908680057914,5.559190424061243e-09,4.062550254744951e-09
chb11,chb11_99.edf,18.947244440052756,6.432557007509191e-09,5.2137647075506815e-09
chb12,chb12_06.edf,29.809628439910696,1.196889607107293e-09,8.40101262392702e-10
chb12,chb12_08.edf,25.39197442871576,5.437479761194772e-10,4.0567962906656007e-10
chb12,chb12_09.edf,89.30737756488409,4.63121282918668e-10,4.951981019915809e-11
chb12,chb12_10.edf,17.373840378280136,5.61826204753121e-10,4.642154167359644e-10
chb12,chb12_11.edf,86.75357519626833,6.925431889752006e-10,9.173721276096529e-11
chb12,chb12_19.edf,23.851380131149725,2.7492372189523484e-09,2.0935061991529747e-09
chb12,chb12_20.edf,21.265195682673276,1.9436223017800987e-09,1.5303072159744822e-09
chb12,chb12_21.edf,24.911974598449905,2.807715485248237e-09,2.1082581167664515e-09
chb12,chb12_23.edf,25.56788754063438,2.707603507334657e-09,2.0153264875330597e-09
chb12,chb12_24.edf,23.65976095285983,2.604508222980906e-09,1.988287803426046e-09
chb12,chb12_28.edf,6.543618093981552,2.9340794111153614e-08,2.7420844598778292e-08
chb12,chb12_29.edf,6.023558546026598,5.491569214143537e-08,5.1607813274340285e-08
chb12,chb12_32.edf,18.425748985483935,2.170575899675044e-09,1.7706310328615107e-09
chb12,chb12_33.edf,27.502238184350002,1.1774417545286848e-09,8.536189187162161e-10
chb12,chb12_34.edf,31.935547289776846,1.367454898600428e-09,9.307506927915182e-10
chb12,chb12_35.edf,22.86158502149118,7.024881156202091e-10,5.418881978018237e-10
chb12,chb12_36.edf,28.739475314603013,1.4525281209492696e-09,1.0350791601913874e-09
chb12,chb12_37.edf,86.16390831075546,9.53644281535456e-10,1.3194709718248296e-10
chb12,chb12_38.edf,83.22572537364107,9.371314304693553e-10,1.5719699975685557e-10
chb12,chb12_39.edf,36.87053203344731,2.1410479547113833e-09,1.3516321827180543e-09
chb12,chb12_40.edf,82.63431565791781,6.857120049539711e-10,1.1907858227606963e-10
chb12,chb12_41.edf,82.80341868848605,6.735881712384738e-10,1.1583413757176396e-10
chb12,chb12_42.edf,25.0956280856382,1.0840689991865333e-09,8.120150749589807e-10
chb13,chb13_02.edf,22.126383706249044,4.407985534812283e-09,3.4326577416637632e-09
chb13,chb13_03.edf,20.305500509746842,5.358491900668001e-09,4.2704233004631165e-09
chb13,chb13_04.edf,26.061264637750348,5.9329132832490985e-09,4.386721051773308e-09
chb13,chb13_05.edf,29.067475941497566,5.830977872179412e-09,4.136059782029614e-09
chb13,chb13_06.edf,94.14788202513981,5.407621806851912e-09,3.164604077712403e-10
chb13,chb13_07.edf,26.95739843851439,4.9654749694341545e-09,3.626912097559089e-09
chb13,chb13_08.edf,83.59516363738818,1.5147443542079021e-09,2.4849133261970744e-10
chb13,chb13_09.edf,23.82025996989118,1.2913575121980485e-09,9.837527956517542e-10
chb13,chb13_10.edf,85.51445398686246,1.0258270565826908e-09,1.485966502965001e-10
chb13,chb13_11.edf,91.47505618577739,7.426419797586774e-10,6.330981151525765e-11
chb13,chb13_12.edf,95.69258575963615,9.723159173929391e-10,4.188167428710789e-11
chb13,chb13_13.edf,24.332835847942125,6.784962547212126e-10,5.133988748254646e-10
chb13,chb13_14.edf,94.97064300677226,5.722140174788756e-10,2.8778685704303136e-11
chb13,chb13_15.edf,97.85433177163748,1.1021517559955274e-09,2.364852005673575e-11
chb13,chb13_16.edf,28.22287642587612,2.3352662181149055e-09,1.676186919161105e-09
chb13,chb13_18.edf,27.779784051835698,6.55654994211755e-09,4.735154526946536e-09
chb13,chb13_19.edf,20.950987552380973,6.752843190943747e-09,5.338055854577316e-09
chb13,chb13_21.edf,18.51430197899484,4.3705858236170225e-09,3.561402365981428e-09
chb13,chb13_22.edf,20.212316873657187,5.711364001681761e-09,4.556965011853856e-09
chb13,chb13_24.edf,17.364617124833657,4.00953595507694e-09,3.313295387995287e-09
chb13,chb13_30.edf,28.794681696712566,6.1083510661887164e-09,4.349470819761927e-09
chb13,chb13_36.edf,80.9574240357956,1.037970759453924e-09,1.9765637035524285e-10
chb13,chb13_37.edf,78.009231880897,9.09639640949506e-10,2.0003674416064692e-10
chb13,chb13_38.edf,85.62871494432571,6.727184926041467e-10,9.667829219437716e-11
chb13,chb13_39.edf,96.57054169831956,8.928846620517133e-10,3.0621107167163856e-11
chb13,chb13_40.edf,27.78396959584315,2.2379601875684387e-09,1.6161660094873493e-09
chb13,chb13_47.edf,32.71707311849843,2.1467467147830595e-08,1.4443940224385229e-08
chb13,chb13_55.edf,15.623127712586859,4.174903562914626e-09,3.522653047403135e-09
chb13,chb13_56.edf,84.69454831197667,1.8810850099774896e-09,2.879085574127536e-10
chb13,chb13_58.edf,97.10615827785752,2.093214408274943e-09,6.05743118805582e-11
chb13,chb13_59.edf,19.456815313333355,2.0642163123855616e-09,1.6625855568170026e-09
chb13,chb13_60.edf,87.60622588321439,1.61444894374783e-09,2.0009115531893722e-10
chb13,chb13_62.edf,74.75160090937155,1.9830139412517335e-09,5.00679273910038e-10
chb14,chb14_01.edf,18.00112683975086,3.7126674904715847e-09,3.0443455063735994e-09
chb14,chb14_02.edf,14.670156958082858,3.685412535814777e-09,3.1447567322578874e-09
chb14,chb14_03.edf,16.12934090707936,3.4386640318156587e-09,2.8840301874749913e-09
chb14,chb14_04.edf,13.996968705123546,2.9524437499975376e-09,2.539191122274006e-09
chb14,chb14_06.edf,13.274157566268507,3.636638055044941e-09,3.1539049895033927e-09
chb14,chb14_07.edf,10.860576232827057,2.748362753492792e-09,2.4498747214950825e-09
chb14,chb14_11.edf,10.357811988781673,1.3276260118601711e-09,1.1901130056375343e-09
chb14,chb14_12.edf,10.06685384726449,1.0727418352230397e-09,9.647504825126735e-10
chb14,chb14_13.edf,9.176826871122001,8.751191042472272e-10,7.948109391343455e-10
chb14,chb14_14.edf,11.33381622360552,1.5384618135348563e-09,1.3640953789184671e-09
chb14,chb14_16.edf,6.728166124299351,9.632023281438803e-10,8.983964753932411e-10
chb14,chb14_17.edf,13.234225861060512,1.8957512339892263e-09,1.6448632339192504e-09
chb14,chb14_18.edf,19.858375502787283,2.199107795387026e-09,1.7624007116680032e-09
chb14,chb14_19.edf,6.978140681663058,1.3202745383193549e-09,1.228143923651253e-09
chb14,chb14_20.edf,7.542376892950243,1.11857938403632e-09,1.0342119110454594e-09
chb14,chb14_22.edf,9.912731214243053,1.498122477111039e-09,1.3496176226948617e-09
chb14,chb14_24.edf,13.770087096401873,2.026912133472052e-09,1.747804567325413e-09
chb14,chb14_25.edf,15.536455549351647,2.7850569241998166e-09,2.352357793147372e-09
chb14,chb14_26.edf,14.840067116210554,2.639657597377679e-09,2.2479306382886804e-09
chb14,chb14_27.edf,13.775247676337198,1.6971253625403764e-09,1.463342140472504e-09
chb14,chb14_29.edf,16.775471220560657,2.9363448477089902e-09,2.443759162845153e-09
chb14,chb14_30.edf,18.367441782401393,2.7364319898555695e-09,2.2338194372038396e-09
chb14,chb14_32.edf,15.78933294728293,2.9341738967815275e-09,2.4708874109664263e-09
chb14,chb14_37.edf,9.27796722609937,9.464243193135734e-10,8.58615381147826e-10
chb14,chb14_39.edf,7.361946801887164,9.422274037434856e-10,8.728611235270876e-10
chb14,chb14_42.edf,15.267146189812653,1.5850055713323516e-09,1.3430204536403662e-09
chb15,chb15_01.edf,72.15165598668894,7.044424114706101e-09,1.961755461219998e-09
chb15,chb15_02.edf,28.45575402810885,4.291663261808304e-09,3.07043812031342e-09
chb15,chb15_03.edf,91.29165708763179,6.80508312699885e-10,5.9260997417077e-11
chb15,chb15_04.edf,75.40696941066123,5.106623947725121e-10,1.2558735895465376e-10
chb15,chb15_05.edf,23.146936014244844,3.912457421279912e-10,3.006843405391677e-10
chb15,chb15_06.edf,11.347462380460316,1.695593021705568e-10,1.5031862414418183e-10
chb15,chb15_07.edf,26.48626289169911,1.7310137114799709e-10,1.272532869166028e-10
chb15,chb15_08.edf,12.712989212790271,1.9987588324413522e-10,1.7446568376833903e-10
chb15,chb15_09.edf,24.10886324282153,1.7126317529663334e-10,1.299735705790543e-10
chb15,chb15_10.edf,11.594296139669247,1.8132804241600312e-10,1.6030433219402666e-10
chb15,chb15_11.edf,78.55368695783818,4.221639907466221e-10,9.053861100680364e-11
chb15,chb15_12.edf,98.20147435651678,9.146572817482979e-10,1.6450345762229723e-11
chb15,chb15_13.edf,73.7174959866846,3.141496285864588e-09,8.256638874105146e-10
chb15,chb15_14.edf,97.89458467320469,1.367148373859183e-09,2.878415140326405e-11
chb15,chb15_15.edf,28.168876232235696,5.3365678904677746e-09,3.833316686352676e-09
chb15,chb15_16.edf,98.12906090612184,1.282815106614411e-09,2.400068933182389e-11
chb15,chb15_17.edf,31.355291753422254,1.983886650153532e-10,1.3618332029406965e-10
chb15,chb15_19.edf,28.695012641146565,4.558798608494363e-09,3.2506507715024917e-09
chb15,chb15_20.edf,28.994778439350142,3.1053934184458034e-09,2.204991477097281e-09
chb15,chb15_22.edf,85.72800170821398,2.8568249880683465e-09,4.0772601349643094e-10
chb15,chb15_26.edf,93.14671873815004,2.7709918508635033e-09,1.8990386528261798e-10
chb15,chb15_28.edf,85.12401909633832,9.173071153943124e-10,1.3645843131398785e-10
chb15,chb15_29.edf,74.71269233258779,5.313003221034302e-10,1.3435154708824647e-10
chb15,chb15_30.edf,15.926324769251199,2.763256305155043e-10,2.32317113178924e-10
chb15,chb15_31.edf,18.713129960791008,1.8302027118226386e-10,1.4877144998133469e-10
chb15,chb15_32.edf,74.98443625141782,2.211728303648136e-10,5.532763037445348e-11
chb15,chb15_33.edf,17.234843537095713,2.3119803862342437e-10,1.9135141840584306e-10
chb15,chb15_35.edf,35.49948252204898,3.740982843363288e-10,2.412953292730687e-10
chb15,chb15_37.edf,40.000879401501585,3.2925854733458704e-10,1.9755223289614284e-10
chb15,chb15_40.edf,97.6659421995042,2.861250542437645e-09,6.678324147749421e-11
chb15,chb15_45.edf,18.025114894846617,5.132880590463621e-09,4.207672966617272e-09
chb15,chb15_46.edf,82.02803472170788,3.135629501003057e-09,5.635342451761541e-10
chb15,chb15_49.edf,63.85524998775354,5.956340738656747e-09,2.152904469865076e-09
chb15,chb15_50.edf,37.83532406683589,1.5278736711181948e-09,9.497977163187635e-10
chb15,chb15_51.edf,82.97741323050182,3.401340363573778e-10,5.789961147153111e-11
chb15,chb15_52.edf,93.54007319710507,1.3857191379214082e-09,8.951644200342948e-11
chb15,chb15_54.edf,76.16213525165153,2.874904349586895e-10,6.85315810498911e-11
chb15,chb15_61.edf,49.629210319751124,1.6757695816836588e-09,8.440983715154622e-10
chb15,chb15_62.edf,76.8607225147466,3.874313645151684e-10,8.96488185000684e-11
chb15,chb15_63.edf,91.57988743745727,7.622326774477563e-10,6.418084942958433e-11
chb16,chb16_01.edf,96.29732441767958,1.3769769744544149e-08,5.098499020729817e-10
chb16,chb16_02.edf,83.09674308001438,9.870805324421105e-09,1.6684875840585196e-09
chb16,chb16_03.edf,83.42262139466091,1.1275732698840634e-08,1.869220900012831e-09
chb16,chb16_04.edf,83.85126848377394,8.682763905135448e-09,1.4021562312281095e-09
chb16,chb16_05.edf,81.2033364743534,7.72183194760569e-09,1.4514467692073255e-09
chb16,chb16_06.edf,11.304089129543282,2.8024293659676344e-09,2.4856402526461584e-09
chb16,chb16_07.edf,10.580428244917039,3.1710946612478972e-09,2.8355792660361684e-09
chb16,chb16_08.edf,11.883717263105053,1.7788100613275395e-09,1.5674213029917092e-09
chb16,chb16_09.edf,63.1426647565551,3.61007517817259e-09,1.3305775109594623e-09
chb16,chb16_10.edf,94.35149894125176,1.3198373504879846e-08,7.455102671606849e-10
chb16,chb16_11.edf,96.19457442984803,1.3436675886853712e-08,5.113226999767747e-10
chb16,chb16_12.edf,11.60610093166179,3.5117844278236003e-09,3.1042031826280117e-09
chb16,chb16_13.edf,75.00461781071523,9.71160530930954e-10,2.4274528637767903e-10
chb16,chb16_14.edf,8.926632569482829,2.870196959009827e-09,2.61398502245855e-09
chb16,chb16_15.edf,93.3076878280774,6.749586294789754e-09,4.517033851606339e-10
chb16,chb16_16.edf,94.60617533902516,1.449204587990023e-08,7.816755445498479e-10
chb16,chb16_17.edf,94.35302635902148,8.866610450799746e-09,5.006951550049082e-10
chb16,chb16_18.edf,82.24987068952201,8.617613984168695e-09,1.529637625667778e-09
chb16,chb16_19.edf,93.86326218994955,9.234222701168591e-09,5.666800359668739e-10
chb17,chb17a_03.edf,78.06068425350661,2.9910366765339992e-09,6.562129805582164e-10
chb17,chb17a_04.edf,74.08876761132265,1.846907519685357e-09,4.785564994296297e-10
chb17,chb17a_05.edf,94.93004938157071,3.97609235696377e-09,2.0158591904120422e-10
chb17,chb17a_06.edf,21.429329089621728,9.287490881514185e-10,7.2972438963459e-10
chb17,chb17a_08.edf,18.331431573538893,7.681377868493614e-09,6.273271340625747e-09
chb17,chb17b_57.edf,78.36363507331404,6.0515569926428054e-09,1.3093369546745796e-09
chb17,chb17b_58.edf,81.92541854870286,3.36669575849388e-09,6.085161670863421e-10
chb17,chb17b_59.edf,73.60318352120514,5.6926213623213575e-09,1.5026708138446402e-09
chb17,chb17b_60.edf,90.34828345475499,6.1873766405521155e-09,5.971880549327939e-10
chb17,chb17b_63.edf,96.85200777819564,6.570599478034224e-09,2.0684196049443545e-10
chb17,chb17b_67.edf,94.23718751874566,8.708758407067291e-10,5.0186941644476056e-11
chb17,chb17b_68.edf,24.990281641758827,9.298268441596113e-09,6.974604970234465e-09
chb17,chb17b_69.edf,97.1247167900427,2.7645057376729028e-09,7.948736931361511e-11
chb17,chb17c_02.edf,55.926311648799555,1.8009097471786284e-09,7.937273494579006e-10
chb17,chb17c_03.edf,83.00713210460493,2.088539095985591e-09,3.5490268952450967e-10
chb17,chb17c_04.edf,40.7409959859062,7.762108427028736e-10,4.5997481443512716e-10
chb17,chb17c_05.edf,30.963688611849815,7.648102714320034e-10,5.279968005143545e-10
chb17,chb17c_06.edf,33.23424853940402,1.0990061669902978e-09,7.337597259893646e-10
chb17,chb17c_07.edf,38.198184660028566,9.6436847016848e-10,5.959972211304315e-10
chb17,chb17c_08.edf,19.464394602048273,1.8119465977611666e-08,1.4592621619945448e-08
chb17,chb17c_13.edf,95.21578549878019,1.051576750664884e-08,5.030968739676549e-10
chb18,chb18_01.edf,89.62209206329173,4.789180850195453e-09,4.970167795557465e-10
chb18,chb18_02.edf,94.6953347682269,3.671649830511642e-09,1.9476873199160702e-10
chb18,chb18_03.edf,97.0686773527038,3.769325470050296e-09,1.1049109115388797e-10
chb18,chb18_04.edf,98.20898055904695,3.73532293795892e-09,6.690036000122324e-11
chb18,chb18_05.edf,71.1249752595908,5.331230864315239e-09,1.5393942310393566e-09
chb18,chb18_06.edf,85.34399751196113,2.834999222452996e-09,4.154975565785935e-10
chb18,chb18_07.edf,95.76671984264019,2.92512722927177e-09,1.2382883057429062e-10
chb18,chb18_08.edf,96.7442912180459,1.8010950690208742e-09,5.863841033345482e-11
chb18,chb18_09.edf,14.211148085660952,6.14051182436503e-10,5.267874595786995e-10
chb18,chb18_10.edf,26.776316259069755,3.0280127108963153e-10,2.2172224510618862e-10
chb18,chb18_11.edf,12.810512027590947,3.639125433285268e-10,3.1729348319551373e-10
chb18,chb18_12.edf,20.605724511125047,7.428322379423316e-10,5.897662734121098e-10
chb18,chb18_13.edf,26.193557973925373,2.584678227346179e-10,1.9076590374268308e-10
chb18,chb18_14.edf,28.83930634409816,4.695262167654941e-10,3.341181127466389e-10
chb18,chb18_15.edf,97.08690564848725,2.4624957668209858e-09,7.173482508950286e-11
chb18,chb18_16.edf,96.46276205999813,3.677859305827416e-09,1.3009463474561658e-10
chb18,chb18_17.edf,96.29498860193723,2.7557284868631947e-09,1.021000545379439e-10
chb18,chb18_18.edf,96.5905462500329,3.50222521914767e-09,1.1940674906652342e-10
chb18,chb18_19.edf,84.27059306992129,4.315095828736047e-09,6.787389823247453e-10
chb18,chb18_20.edf,93.48274591906672,4.986145710838499e-09,3.2495978482090243e-10
chb18,chb18_21.edf,91.93310124251235,7.557786855335533e-09,6.096790139266275e-10
chb18,chb18_22.edf,90.65182150253678,5.385217890712336e-09,5.034197809011132e-10
chb18,chb18_23.edf,97.9242692340383,3.5077636042278957e-09,7.28117283301651e-11
chb18,chb18_24.edf,15.6437562909435,6.131832358043129e-10,5.172583447781647e-10
chb18,chb18_25.edf,15.966264074879755,4.285551134977904e-10,3.6013087237033255e-10
chb18,chb18_26.edf,14.924479325344976,5.56444708159757e-10,4.733982327334779e-10
chb18,chb18_27.edf,29.649088495402275,4.2685992718721375e-10,3.0029984962406703e-10
chb18,chb18_28.edf,75.15033150640144,3.886803899330127e-10,9.658578839797987e-11
chb18,chb18_29.edf,33.1880616820169,6.660648528713159e-10,4.450108386581485e-10
chb18,chb18_30.edf,79.38971351516658,6.242051925293405e-10,1.2865047843350312e-10
chb18,chb18_31.edf,96.91435093813902,5.005617092603639e-09,1.5445577685827676e-10
chb18,chb18_32.edf,43.803093088023715,2.1689628707652092e-08,1.2188900454392532e-08
chb18,chb18_33.edf,40.77062676271884,5.806646904866399e-10,3.439240567854354e-10
chb18,chb18_34.edf,96.68672776274342,4.174930037912199e-09,1.3832679787103034e-10
chb18,chb18_35.edf,77.4005706941418,1.7311524900868969e-09,3.912305831737918e-10
chb18,chb18_36.edf,94.92832289731571,1.6784545285600684e-09,8.512579400394853e-11
chb19,chb19_01.edf,97.71039539480438,4.2103491407183765e-09,9.640034782070247e-11
chb19,chb19_02.edf,96.90701908954689,4.950741258339858e-09,1.531254820463777e-10
chb19,chb19_03.edf,93.24362146686799,3.688520930609695e-09,2.492104363457943e-10
chb19,chb19_04.edf,98.111323556146,2.232046184966278e-09,4.215613051140003e-11
chb19,chb19_05.edf,92.471368039981,3.510531183245736e-09,2.6429497262827157e-10
chb19,chb19_06.edf,98.69399417436273,1.5572912332480372e-09,2.0338314228357894e-11
chb19,chb19_07.edf,14.608925121666939,4.482434102617047e-10,3.8275986609376593e-10
chb19,chb19_08.edf,81.86255564241438,4.428664318380893e-10,8.032465265305828e-11
chb19,chb19_09.edf,14.490874841317492,3.096169328055535e-10,2.6475073058517464e-10
chb19,chb19_10.edf,80.42695313004427,1.8776251603715425e-10,3.6750845268160367e-11
chb19,chb19_11.edf,81.65087698327179,1.158382717900641e-10,2.1255306991210842e-11
chb19,chb19_12.edf,34.33496721266126,2.0644302664599248e-10,1.355608811342654e-10
chb19,chb19_13.edf,64.67975934328346,1.8746023711974465e-10,6.621140688634528e-11
chb19,chb19_14.edf,29.44111247649466,1.667798179235668e-10,1.176779841405965e-10
chb19,chb19_15.edf,98.64302062320644,1.7233172186866893e-09,2.3385059254310634e-11
chb19,chb19_16.edf,98.1043490557573,2.291724637943834e-09,4.344309973862492e-11
chb19,chb19_17.edf,96.50292209564142,2.9197700476979296e-09,1.0210663319612439e-10
chb19,chb19_18.edf,91.22377153383445,2.86586685748217e-09,2.5151502294875415e-10
chb19,chb19_19.edf,93.59786346100661,2.847191823087646e-09,1.8228110804112616e-10
chb19,chb19_20.edf,98.15295779523484,2.591379290372333e-09,4.7863869178720805e-11
chb19,chb19_21.edf,99.18627228075279,2.4169314658726553e-09,1.966724129301389e-11
chb19,chb19_22.edf,96.95832480160036,1.6507300236686215e-09,5.0209845722464906e-11
chb19,chb19_23.edf,78.09104892267065,2.9153502049382305e-10,6.38722650132738e-11
chb19,chb19_24.edf,30.05185371043815,6.009463439571893e-10,4.2035082779294825e-10
chb19,chb19_25.edf,84.4504788409076,2.3428176325963437e-10,3.64296923499516e-11
chb19,chb19_26.edf,95.04105679466684,1.1336220880865187e-09,5.6215675511322256e-11
chb19,chb19_27.edf,80.95521797984786,6.84389561421447e-10,1.303405001413898e-10
chb19,chb19_28.edf,24.805171451370413,3.7195895340922885e-09,2.7969389728734664e-09
chb19,chb19_29.edf,24.082338908027968,3.031777339836137e-09,2.3016544459200036e-09
chb19,chb19_30.edf,20.65727220893203,2.883363809033459e-09,2.287739498227586e-09
chb20,chb20_01.edf,18.791288816787844,1.4346562002830454e-09,1.165065810159904e-09
chb20,chb20_02.edf,13.496578863750308,1.066052680968064e-09,9.221720401520847e-10
chb20,chb20_03.edf,24.146028311531985,1.5416010181556742e-09,1.1693655998609397e-09
chb20,chb20_04.edf,25.031564403405316,1.4406469396952917e-09,1.080030473159777e-09
chb20,chb20_05.edf,18.908761621767045,9.899475474922836e-10,8.027607255564386e-10
chb20,chb20_06.edf,21.9694094383864,9.188950448961684e-10,7.170192301738847e-10
chb20,chb20_07.edf,15.053500156848775,6.260400207173222e-10,5.31799085216704e-10
chb20,chb20_08.edf,21.912078506195222,1.1827340613691928e-09,9.23572445322464e-10
chb20,chb20_11.edf,18.803724957896193,1.2737903256792388e-09,1.0342702962982246e-09
chb20,chb20_12.edf,24.488444590532122,5.744963053391903e-10,4.3381109593154846e-10
chb20,chb20_13.edf,26.67945232686958,5.821298941156986e-10,4.2682082653464445e-10
chb20,chb20_14.edf,18.41190692281437,7.966646746936583e-10,6.4998351630212e-10
chb20,chb20_15.edf,27.488472660686625,5.02996518612275e-10,3.647304581093343e-10
chb20,chb20_16.edf,28.31247649873525,7.250175907841751e-10,5.197471557817091e-10
chb20,chb20_17.edf,22.91892678460792,1.3923432246092785e-09,1.073233100370629e-09
chb20,chb20_21.edf,24.215591675091286,2.1536069327117724e-09,1.6320982715998317e-09
chb20,chb20_22.edf,23.359245673711328,1.6506473852575105e-09,1.2650686073285165e-09
chb20,chb20_23.edf,16.85273950094318,1.6796202873363691e-09,1.3965582557065774e-09
chb20,chb20_25.edf,29.372384221271552,1.5494930175727332e-09,1.0943699749694952e-09
chb20,chb20_26.edf,28.280360073497157,3.6992427379914656e-09,2.653083571694784e-09
chb20,chb20_27.edf,22.197344646029027,1.4579343970802006e-09,1.1343116742473032e-09
chb20,chb20_28.edf,21.704918203336877,1.906777582540363e-09,1.492913067930413e-09
chb20,chb20_29.edf,19.093951717175706,1.874974021350641e-09,1.516967387004362e-09
chb20,chb20_30.edf,18.77089146868618,1.0700761360646554e-09,8.692133059316483e-10
chb20,chb20_31.edf,14.826928009981877,1.083115885655848e-09,9.225230730249777e-10
chb20,chb20_34.edf,15.893502726943565,1.0935430999853956e-09,9.197407975689136e-10
chb20,chb20_59.edf,23.584130830873917,1.3630359378282052e-09,1.041575758978972e-09
chb20,chb20_60.edf,18.817822592636656,1.2184690597559238e-09,9.891797137448861e-10
chb20,chb20_68.edf,90.32842040804164,4.686904121446767e-10,4.532976625045014e-11
chb21,chb21_01.edf,66.49233857624614,4.183800829122009e-09,1.4018938164664098e-09
chb21,chb21_02.edf,75.85197398224862,3.3958459392725506e-09,8.200297609382892e-10
chb21,chb21_03.edf,95.65539894847342,4.065539901133387e-09,1.7663148929487367e-10
chb21,chb21_04.edf,93.72959305069946,4.883261829007813e-09,3.0620038907864613e-10
chb21,chb21_05.edf,95.23111405640992,4.8274603145019356e-09,2.302160763706718e-10
chb21,chb21_06.edf,91.96080653426732,4.860198431319531e-09,3.907207547122817e-10
chb21,chb21_07.edf,94.72321341882724,2.79593721402362e-09,1.475356397276138e-10
chb21,chb21_08.edf,86.70131229098833,2.854545323717766e-09,3.7961706811342194e-10
chb21,chb21_09.edf,7.542855264811566,2.558319549889405e-09,2.3653492090298684e-09
chb21,chb21_10.edf,9.818843881025385,1.6190924984134111e-09,1.460116333704805e-09
chb21,chb21_11.edf,10.012516665513804,2.100907037237052e-09,1.89055337000674e-09
chb21,chb21_12.edf,13.951939728426366,1.5009470823917192e-09,1.2915358501008525e-09
chb21,chb21_13.edf,63.815983519234805,1.40509210076447e-09,5.084187573105457e-10
chb21,chb21_14.edf,75.06751182361336,3.4642041209419737e-09,8.637122828597562e-10
chb21,chb21_15.edf,93.36005618753447,4.028822135142797e-09,2.6751152607765577e-10
chb21,chb21_16.edf,82.09136729974229,7.032906021231693e-09,1.2594973074966922e-09
chb21,chb21_17.edf,91.35508671426476,5.511630588041918e-09,4.764756849662836e-10
chb21,chb21_18.edf,87.78909612047286,3.6175131208098215e-09,4.417310500113696e-10
chb21,chb21_19.edf,92.97888322466375,7.512614049850563e-09,5.274694053203264e-10
chb21,chb21_20.edf,83.71921260945176,6.743378426157137e-09,1.0978751045027407e-09
chb21,chb21_21.edf,93.24155400043654,5.564332533518362e-09,3.7606240951398003e-10
chb21,chb21_22.edf,79.1934231268818,6.522423998434759e-09,1.3570931632250378e-09
chb21,chb21_23.edf,77.60633149154205,3.878286028643788e-09,8.68490517064328e-10
chb21,chb21_24.edf,79.96110363055683,5.882784678218672e-09,1.1788451253057204e-09
chb21,chb21_25.edf,96.33234614041416,5.71330301619054e-09,2.0954417858314672e-10
chb21,chb21_26.edf,8.528492960025913,2.7728640637622703e-09,2.5363805472932165e-09
chb21,chb21_27.edf,77.33821970225925,1.2490793470641588e-09,2.830636173761342e-10
chb21,chb21_28.edf,80.84488670027787,1.5785063890846976e-09,3.0236468727252654e-10
chb21,chb21_29.edf,92.06543493366824,7.861906642571389e-09,6.238080980090849e-10
chb21,chb21_30.edf,75.44517452639359,5.598629066044804e-09,1.374733596081902e-09
chb21,chb21_31.edf,98.10654192667612,4.4727244920140985e-09,8.468916299157581e-11
chb21,chb21_32.edf,74.06613508769729,1.4993259897301358e-09,3.8883317677165897e-10
chb21,chb21_33.edf,70.4581414911134,2.044876951009308e-09,6.040946555480039e-10
chb22,chb22_01.edf,95.65791137238568,5.334969826325223e-09,2.316491181155228e-10
chb22,chb22_02.edf,22.1851364639168,1.908874144348859e-09,1.4853878105006407e-09
chb22,chb22_03.edf,11.01640529642729,1.0744863133528902e-09,9.56116546219296e-10
chb22,chb22_04.edf,78.69058795903288,9.27797680624651e-10,1.97708230670843e-10
chb22,chb22_05.edf,30.91779712827457,7.069505205509272e-10,4.883769928097105e-10
chb22,chb22_06.edf,76.16681061809622,3.7744383951494277e-10,8.995690508192527e-11
chb22,chb22_07.edf,79.47334239330218,2.364161037894364e-09,4.852832415195297e-10
chb22,chb22_08.edf,94.36703841444624,7.712478665184023e-09,4.344409605038446e-10
chb22,chb22_09.edf,97.12167322177628,1.0512409156404248e-08,3.025814877852263e-10
chb22,chb22_10.edf,97.47253180936376,1.0278852048614673e-08,2.597947158912973e-10
chb22,chb22_11.edf,95.85684182714928,1.4153285862165179e-08,5.863930199252228e-10
chb22,chb22_15.edf,92.40029973924106,1.543214636843171e-08,1.1727968678024051e-09
chb22,chb22_16.edf,93.37357523912615,1.3202708575883963e-08,8.74867550178391e-10
chb22,chb22_17.edf,95.18939668863447,9.77656999998887e-09,4.703120001574329e-10
chb22,chb22_18.edf,95.3313344843901,8.143880573855542e-09,3.8021054398404764e-10
chb22,chb22_19.edf,93.43891303967953,1.0134992758961062e-08,6.649656883376173e-10
chb22,chb22_20.edf,93.949365063557,1.044223207509597e-08,6.318213420802142e-10
chb22,chb22_21.edf,76.420865697713,9.8877532549784e-09,2.3314466194701123e-09
chb22,chb22_22.edf,13.245364034982654,2.441976246710435e-09,2.1185276031858317e-09
chb22,chb22_23.edf,94.27477904112055,9.664883924026864e-09,5.533359600697572e-10
chb22,chb22_24.edf,72.45106699962722,9.05921616861606e-09,2.495717392650976e-09
chb22,chb22_25.edf,76.23463332559056,6.136160558711602e-09,1.4582810565083032e-09
chb22,chb22_26.edf,83.47213012595675,5.982850979275299e-10,9.888378246125432e-11
chb22,chb22_27.edf,71.40369880954542,1.0273995464776965e-09,2.9379826874012654e-10
chb22,chb22_28.edf,28.12228173660133,3.546924516312233e-10,2.5494484108503225e-10
chb22,chb22_29.edf,13.10727038991839,7.097072153780569e-10,6.166839716816946e-10
chb22,chb22_30.edf,30.077759638513925,3.659172656598035e-10,2.5585755001882537e-10
chb22,chb22_38.edf,77.32936014431363,8.79460501186499e-09,1.993793228970055e-09
chb22,chb22_51.edf,36.85343021731998,1.3413049652568281e-08,8.46988075884455e-09
chb22,chb22_54.edf,76.48460187915825,4.096082407463656e-09,9.632100854728382e-10
chb22,chb22_77.edf,11.487650360927482,1.6865731729284137e-09,1.4928255437411968e-09
chb23,chb23_06.edf,22.981336085464143,4.600240769235967e-09,3.5430439773173087e-09
chb23,chb23_07.edf,22.110846369543612,6.421133761992334e-09,5.001366740695313e-09
chb23,chb23_08.edf,23.4106786099608,6.759410243320821e-09,5.176986435328214e-09
chb23,chb23_09.edf,24.17646113446915,7.1873539962310736e-09,5.449706150735553e-09
chb23,chb23_10.edf,23.159750283566026,5.087144130869201e-09,3.908974253594808e-09
chb23,chb23_16.edf,20.381712998524304,4.17601492472577e-09,3.3248715479926225e-09
chb23,chb23_17.edf,70.75803404760383,6.385670325327217e-09,1.8672955423644506e-09
chb23,chb23_19.edf,12.059637552048198,1.0186108963967522e-09,8.957701142256347e-10
chb23,chb23_20.edf,81.62878483890398,2.370097645739066e-09,4.354157380267948e-10
chb24,chb24_01.edf,77.5995983718447,5.815530065468767e-09,1.302702091471126e-09
chb24,chb24_02.edf,96.9187008899392,8.048981340314014e-09,2.4801319040805533e-10
chb24,chb24_03.edf,77.93081651577486,6.26373716989406e-09,1.3823556489935303e-09
chb24,chb24_04.edf,10.820068110990277,5.050450609877557e-09,4.503988413976881e-09
chb24,chb24_05.edf,14.797174607209785,3.1217736381189914e-09,2.659839342044679e-09
chb24,chb24_06.edf,94.80329463451137,3.55172440990872e-09,1.845726529770957e-10
chb24,chb24_07.edf,9.772781854191736,3.0974006840930826e-09,2.794698472086423e-09
chb24,chb24_08.edf,9.191469248695782,1.6190351086799006e-09,1.470221994539999e-09
chb24,chb24_09.edf,84.89564541093169,9.49976094828448e-10,1.4348775787427255e-10
chb24,chb24_10.edf,9.263483911079263,2.13300588179257e-09,1.935415225110341e-09
chb24,chb24_11.edf,16.311596611638603,7.960738262909496e-10,6.662214750155333e-10
chb24,chb24_12.edf,14.963160165697397,1.3599558999851369e-09,1.1564635204875094e-09
chb24,chb24_13.edf,79.0128563331222,8.967598071481433e-10,1.8820426907299712e-10
chb24,chb24_14.edf,84.00097604936978,1.268156624983911e-09,2.0289268216267985e-10
chb24,chb24_15.edf,85.43826533173191,9.678929110201989e-10,1.4094199757573752e-10
chb24,chb24_16.edf,16.183032747714833,5.544579122240318e-09,4.647298067165208e-09
chb24,chb24_17.edf,97.00780293580931,8.01596242348546e-09,2.398533923021615e-10
chb24,chb24_18.edf,93.07836216906614,6.512729986704322e-09,4.507875825862997e-10
chb24,chb24_19.edf,94.61620430261866,6.841324430030257e-09,3.6832293030786783e-10
chb24,chb24_20.edf,93.51155179968603,7.167718663535413e-09,4.650737126277318e-10
chb24,chb24_21.edf,93.2650465382873,7.609414591577295e-09,5.124905314515075e-10
chb24,chb24_22.edf,18.395853979955014,5.848968643106723e-09,4.773000912187454e-09
